FID,Name,Address,City,Zipcode,geom
Libraries.fid-e93e948_1508c03aa40_2318,HC HISTORICAL SOCIETY,3725 PARK AVE,Ellicott City,21043,POINT (1369461.6468812667 583291.8479450485)
Libraries.fid-e93e948_1508c03aa40_2319,Elkridge Branch,6544 WASHINGTON BLVD,Elkridge,21075,POINT (1387055.7311615718 558998.6837177036)
Libraries.fid-e93e948_1508c03aa40_231a,Glenwood,2350 RT 97,Woodbine,21797,POINT (1305960.8661250877 597202.4625786328)
Libraries.fid-e93e948_1508c03aa40_231b,Miller Branch,9421 FREDERICK RD,Ellicott City,21042,POINT (1358095.7461026195 584929.8885943966)
Libraries.fid-e93e948_1508c03aa40_231c,Savage,9525 DURNESS LN,Laurel,20723,POINT (1358731.9977323646 533992.2972172729)
Libraries.fid-e93e948_1508c03aa40_231d,East Columbia,6600 CRADLEROCK WAY,Columbia,21045,POINT (1355747.995148703 555007.0388335763)
Libraries.fid-e93e948_1508c03aa40_231e,Howard County Central,10375 LITTLE PATUXENT PKWY,Columbia,21044,POINT (1352482.742419602 562493.6777206546)
